{
    "pools": [
        {
            "rolls": 1,
            "entries": [
                {
                    "type": "item",
                    "weight": 1,
                    "name": "minecraft:structure_block",
                    "functions": [
                        { "function": "set_count", "count": 1 },
                        { "function": "set_nbt", "tag": "{CustomModelData:481005}"},
                        { "function": "set_nbt", "tag": "{smithed:{id:'jmmf:tea_leaves'}}" },
                        { "function": "set_name", "name": [{ "translate": "item.jmmf.tea_leaves", "italic": false , "color": "white"}] }
                    ]
                }
            ]
        }
    ]
}
