{
    "pools": [
        {
            "rolls": 1,
            "entries": [
                {
                    "type": "item",
                    "weight": 1,
                    "name": "minecraft:cookie",
                    "functions": [
                        { "function": "set_count", "count": 16 },
                        { "function": "set_nbt", "tag": "{CustomModelData:481330}" },
                        { "function": "set_nbt", "tag": "{jmmf:{doughnut:1b}, smithed:{id:'jmmf:black_forest_doughnut', dict:{food:{doughnut:1b}}, ignore: {functionality: 1b, crafting:1b}}}" },
                        { "function": "set_name", "name": [{ "translate": "item.jmmf.black_forest_doughnut", "italic": false }] }
                    ]
                }
            ]
        }
    ]
}
