{
    "pools": [
      {
        "rolls": 1,
        "entries": [
          {
            "type": "minecraft:item",
            "name": "minecraft:bow",
            "functions": [
              {
                "function": "minecraft:set_nbt",
                "tag": "{CustomModelData:47031,display:{Name:'{\"translate\":\"Endlight Bow\",\"color\":\"#eeffb8\",\"italic\":false}',Lore:['[{\"translate\":\"Grindstone Repair: \",\"color\":\"gray\",\"italic\": false},{\"translate\":\"item.minecraft.bow\"}]','{\"translate\":\"Spellbound Weapons\",\"color\":\"#676e75\",\"italic\": true}']},SpellboundItem:1,SpellboundEndlight:1}"
              }
            ]
          }
        ]
      }
    ]
  }
  