{
    "pools": [
      {
        "rolls": 1,
        "entries": [
          {
            "type": "minecraft:item",
            "name": "minecraft:diamond_sword",
            "functions": [
              {
                "function": "minecraft:set_nbt",
                "tag": "{CustomModelData:47046,SpellboundItem:1,SpellboundMoonlightEdge:1,display:{Name:'{\"translate\":\"Moonlight Edge\",\"color\":\"#9d64ed\",\"italic\":false}',Lore:['[{\"translate\":\"Grindstone Repair: \",\"color\":\"gray\",\"italic\": false},{\"translate\":\"item.minecraft.diamond_sword\"}]','{\"translate\":\"Spellbound Weapons\",\"color\":\"#676e75\",\"italic\": true}']}}"
              }
            ]
          }
        ]
      }
    ]
  }
  