{
    "pools": [
        {
            "rolls": {
                "min": 1,
                "max": 3
            },
            "entries": [
                {
                    "type": "item",
                    "weight": 1,
                    "name": "minecraft:stone_button",
                    "functions": [
                        {
                            "function": "set_count",
                            "count": 0
                        }
                    ]
                }
            ]
        }
    ]
}