{
    "type": "minecraft:entity",
    "pools": [
        
        {
            "rolls": 1,
            "entries": [
               
              
              {
                
                "type": "minecraft:loot_table",
                "name": "1_splatus:spellbound/item/evokers_wrath",
                "conditions": [
                  
                  {
                    "condition": "minecraft:reference",
                    "name": "1_splatus:spellbound/weapons_achieveable"
                  }
                ],
                "functions": [
                  {
                    "function": "minecraft:set_damage",
                    "damage": {
                      "min": -0.7,
                      "max": -0.2
                    },
                    "add": true
                  },
                  {
                    "function": "minecraft:set_nbt",
                    "tag": "{Enchantments:[{id:\"minecraft:unbreaking\",lvl:2s}]}"
                  }
                ]
              }
              
            ]
          
          },
      {
        "rolls": 1,
        "bonus_rolls": 0,
        "entries": [
          {
            "type": "minecraft:item",
            "name": "minecraft:totem_of_undying"
          }
        ]
      },
      {
        "rolls": 1,
        "bonus_rolls": 0,
        "entries": [
          {
            "type": "minecraft:item",
            "name": "minecraft:emerald",
            "functions": [
              {
                "function": "minecraft:set_count",
                "count": {
                  "type": "minecraft:uniform",
                  "min": 0,
                  "max": 1
                },
                "add": false
              },
              {
                "function": "minecraft:looting_enchant",
                "count": {
                  "type": "minecraft:uniform",
                  "min": 0,
                  "max": 1
                }
              }
            ]
          }
        ],
        "conditions": [
          {
            "condition": "minecraft:killed_by_player"
          }
        ]
      }
    ]
  }
  