{
  "type": "minecraft:entity",
  "pools": [
    {
      "rolls": 1,
      "entries": [
        {
          "type": "minecraft:loot_table",
          "name": "1_splatus:spellbound/item/bone_wand",
          "functions": [
          ],
          "conditions": [
            {
              "condition": "minecraft:reference",
              "name": "1_splatus:spellbound/weapons_achieveable"
            },
            {
              "condition": "minecraft:damage_source_properties",
              "predicate": {
                "source_entity": {
                  "type": "minecraft:creeper",
                  "nbt": "{powered:1b}"
                }
              }
            }
          ]
        }
      ]
    },
    {
      "rolls": 1,
      "bonus_rolls": 0,
      "entries": [
        {
          "type": "minecraft:item",
          "name": "minecraft:arrow",
          "functions": [
            {
              "function": "minecraft:set_count",
              "count": {
                "type": "minecraft:uniform",
                "min": 0,
                "max": 2
              },
              "add": false
            },
            {
              "function": "minecraft:looting_enchant",
              "count": {
                "type": "minecraft:uniform",
                "min": 0,
                "max": 1
              }
            }
          ]
        }
      ]
    },
    {
      "rolls": 1,
      "bonus_rolls": 0,
      "entries": [
        {
          "type": "minecraft:item",
          "name": "minecraft:bone",
          "functions": [
            {
              "function": "minecraft:set_count",
              "count": {
                "type": "minecraft:uniform",
                "min": 0,
                "max": 2
              },
              "add": false
            },
            {
              "function": "minecraft:looting_enchant",
              "count": {
                "type": "minecraft:uniform",
                "min": 0,
                "max": 1
              }
            }
          ]
        }
      ]
    }
  ]
}
