{
    "pools": [
        {
            "rolls": 1,
            "entries": [
                {
                    "type": "item",
                    "weight": 1,
                    "name": "minecraft:cookie",
                    "functions": [
                        { "function": "set_count", "count": 1 },
                        { "function": "set_nbt", "tag": "{CustomModelData:481164}"},
                        { "function": "set_nbt", "tag": "{smithed:{id:'jmmf:fruit_salad', dict:{food:{salad:1b}}, ignore: {functionality: 1b, crafting:1b}}}" },
                        { "function": "set_name", "name": [{ "translate": "item.jmmf.fruit_salad", "italic": false }] }
                    ]
                }
            ]
        }
    ]
}
