{
    "pools": [
        {
            "rolls": 1,
            "entries": [
                {
                    "type": "item",
                    "weight": 1,
                    "name": "minecraft:cookie",
                    "functions": [
                        { "function": "set_count", "count": 3 },
                        { "function": "set_nbt", "tag": "{CustomModelData:481101}" },
                        { "function": "set_nbt", "tag": "{smithed:{id:'jmmf:sugar_cookie', dict:{food:{cookie:1b}}}}" },
                        { "function": "set_name", "name": [{ "translate": "item.jmmf.sugar_cookie", "italic": false }] }
                    ]
                }
            ]
        }
    ]
}
