{
    "pools": [
        {
            "rolls": 1,
            "entries": [
                {
                    "type": "item",
                    "weight": 1,
                    "name": "minecraft:cookie",
                    "functions": [
                        { "function": "set_count", "count": 1 },
                        { "function": "set_nbt", "tag": "{jmmf:{tea:1b}, smithed:{id: 'jmmf:sakura_tea', dict:{food:{tea: 1b}}, ignore: {functionality: 1b, crafting:1b}}, CustomModelData: 481366}" },
                        { "function": "set_name", "name": [{ "translate": "item.jmmf.sakura_tea", "italic": false }] }
                    ]
                }
            ]
        }
    ]
}
