{
  "type": "minecraft:jigsaw",
  "biomes": "#minecraft:has_structure/stronghold",
  "step": "underground_structures",
  "spawn_overrides": {
    "monster": {
	"bounding_box": "full",
      "spawns": [
        {
        "type": "minecraft:spider",
        "maxCount": 4,
        "minCount": 4,
        "weight": 100
      },
      {
        "type": "minecraft:zombie",
        "maxCount": 16,
        "minCount": 4,
        "weight": 95
      },
      {
        "type": "minecraft:zombie_villager",
        "maxCount": 1,
        "minCount": 1,
        "weight": 5
      },
      {
        "type": "minecraft:skeleton",
        "maxCount": 4,
        "minCount": 4,
        "weight": 100
      },
      {
        "type": "minecraft:creeper",
        "maxCount": 4,
        "minCount": 4,
        "weight": 100
      },
      {
        "type": "minecraft:slime",
        "maxCount": 4,
        "minCount": 4,
        "weight": 100
      },
      {
        "type": "minecraft:enderman",
        "maxCount": 4,
        "minCount": 1,
        "weight": 200
      },
	  {
        "type": "minecraft:endermite",
        "maxCount": 16,
        "minCount": 1,
        "weight": 400
      },
	  {
        "type": "minecraft:drowned",
        "maxCount": 4,
        "minCount": 4,
        "weight": 95
      },
      {
        "type": "minecraft:witch",
        "maxCount": 1,
        "minCount": 1,
        "weight": 5
      }
      ]
    }
  },
  "start_pool": "minecraft:stronghold/stronghold_endportal_chamber_anchor",
  "size": 9,
  "start_height": {
    "absolute": 15
  },
  "max_distance_from_center": 128,
  "use_expansion_hack": true
}