{
    "pools": [
        {
            "rolls": 1,
            "entries": [
                {
                    "type": "item",
                    "weight": 1,
                    "name": "minecraft:bread",
                    "functions": [
                        { "function": "set_count", "count": 1 },
                        { "function": "set_nbt", "tag": "{CustomModelData:481072}" },
                        { "function": "set_nbt", "tag": "{smithed:{id:'jmmf:potato_bread', dict:{food:{bread:1b}}}}" },
                        { "function": "set_name", "name": [{ "translate": "item.jmmf.potato_bread", "italic": false }] }
                    ]
                }
            ]
        }
    ]
}
