{
    "display": {
      "icon": {
        "id": "minecraft:stone"
      },
      "title": "",
      "description": "",
      "show_toast": false,
      "announce_to_chat": false,
      "hidden": true
    },
    "parent": "h-nigh:stats/root",
    "criteria": {
      "requirement": {
        "trigger": "minecraft:player_killed_entity",
        "conditions": {
          "entity": [
            {
              "condition": "minecraft:entity_properties",
              "entity": "this",
              "predicate": {
                "type": "minecraft:stray",
                "nbt": "{Tags:[\"h-nigh.mob\"]}"
              }
            }
          ]
        }
      }
    },
    "rewards": {
      "function": "h-nigh:stats/mobs/skeletons/stray",
      "experience": 1
    }
  }
  