{   
    "parent": "jmmf:story/start",
    "display": {
        "icon":{
            "item": "minecraft:iron_sword",
            "nbt": "{CustomModelData:481053}"
        },
        "title": {
          "translate": "advancements.jmmf.slicendice.title"
        },
        "description": {
          "translate": "advancements.jmmf.slicendice.description"
        },
        "hidden": false
    },
    "criteria": {
      "get_knife": {
          "trigger": "minecraft:inventory_changed",
          "conditions": {
            "items": [
              {
                "nbt": "{jmmf:{knife:1b}}"
              }
            ]
          }
        }
      }
    
}