{   
    "parent": "jmmf:story/letsgetcooking",
    "display": {
        "icon":{
            "item": "minecraft:cookie",
            "nbt": "{CustomModelData:481363}"
        },
        "title": {
          "translate": "advancements.jmmf.teatime.title"
        },
        "description": {
          "translate": "advancements.jmmf.teatime.description"
        },
        "hidden": false
    },
    "criteria": {
        "get_tea": {
          "trigger": "minecraft:inventory_changed",
          "conditions": {
            "items": [
              {
                "nbt": "{jmmf:{tea:1b}}"
              }
            ]
          }
        }
      }
    
}