{
    "pools": [
        {
            "rolls": 1,
            "entries": [
                {
                    "type": "item",
                    "weight": 1,
                    "name": "minecraft:cookie",
                    "functions": [
                        { "function": "set_count", "count": 2 },
                        { "function": "set_nbt", "tag": "{CustomModelData:481250}"},
                        { "function": "set_nbt", "tag": "{smithed:{id:'jmmf:fish_and_chips', dict:{food:1b}, ignore: {functionality: 1b, crafting:1b}}}" },
                        { "function": "set_name", "name": [{ "translate": "item.jmmf.fish_and_chips", "italic": false }] }
                    ]
                }
            ]
        }
    ]
}
