{
    "pools": [
        {
            "rolls": 1,
            "entries": [
                {
                    "type": "item",
                    "weight": 1,
                    "name": "minecraft:pumpkin_pie",
                    "functions": [
                        { "function": "set_count", "count": 1 },
                        { "function": "set_nbt", "tag": "{CustomModelData:481251}"},
                        { "function": "set_nbt", "tag": "{smithed:{id:'jmmf:leche_flan', dict:{food:1b}, ignore: {functionality: 1b, crafting:1b}}}" },
                        { "function": "set_name", "name": [{ "translate": "item.jmmf.leche_flan", "italic": false }] }
                    ]
                }
            ]
        }
    ]
}
