{
    "pools": [
        {
            "rolls": 1,
            "entries": [
                {
                    "type": "item",
                    "weight": 1,
                    "name": "minecraft:structure_block",
                    "functions": [
                        { "function": "set_count", "count": 2 },
                        { "function": "set_nbt", "tag": "{CustomModelData:481004}"},
                        { "function": "set_nbt", "tag": "{smithed:{id:'jmmf:teacup'}}" },
                        { "function": "set_name", "name": [{ "translate": "item.jmmf.teacup", "italic": false, "color": "white" }] }
                    ]
                }
            ]
        }
    ]
}
