{
    "type": "minecraft:chest",
    "pools": [
        {
            "rolls": 1,
            "entries": [
              {
                "type": "minecraft:item",
                "weight": 2,
                "name": "minecraft:air"
              },
              {
                "type": "minecraft:loot_table",
                "name": "1_splatus:spellbound/item/empty_staff",
                "conditions": [
                  
                  {
                    "condition": "minecraft:reference",
                    "name": "1_splatus:spellbound/weapons_achieveable"
                  }
                ]
              }
            ]
          },
          {
            "rolls": 1,
            "entries": [
              {
                "type": "minecraft:item",
                "weight": 5,
                "name": "minecraft:air"
              },
              {
                "type": "minecraft:loot_table",
                "name": "1_splatus:spellbound/item/broken_crucible",
                "conditions": [
                  
                  {
                    "condition": "minecraft:reference",
                    "name": "1_splatus:spellbound/weapons_achieveable"
                  }
                ]
              }
            ]
          },
          {
            "rolls": 1,
            "entries": [
              {
                "type": "minecraft:item",
                "weight": 9,
                "name": "minecraft:air"
              },
              {
                "type": "minecraft:loot_table",
                "name": "1_splatus:spellbound/item/zg_crossbow",
                "conditions": [
                  
                  {
                    "condition": "minecraft:reference",
                    "name": "1_splatus:spellbound/weapons_achieveable"
                  }
                ]
              }
            ]
          },
          
          {
            "rolls": 3,
            "bonus_rolls": 0,
            "entries": [
              {
                "type": "minecraft:item",
                "weight": 15,
                "name": "minecraft:netherite_ingot",
                "functions": [
                  {
                    "function": "minecraft:set_count",
                    "count": 1,
                    "add": false
                  }
                ]
              },
              {
                "type": "minecraft:item",
                "weight": 10,
                "name": "minecraft:ancient_debris",
                "functions": [
                  {
                    "function": "minecraft:set_count",
                    "count": 1,
                    "add": false
                  }
                ]
              },
              {
                "type": "minecraft:item",
                "weight": 8,
                "name": "minecraft:netherite_scrap",
                "functions": [
                  {
                    "function": "minecraft:set_count",
                    "count": 1,
                    "add": false
                  }
                ]
              },
              {
                "type": "minecraft:item",
                "weight": 4,
                "name": "minecraft:ancient_debris",
                "functions": [
                  {
                    "function": "minecraft:set_count",
                    "count": 2,
                    "add": false
                  }
                ]
              },
              {
                "type": "minecraft:item",
                "weight": 6,
                "name": "minecraft:diamond_sword",
                "functions": [
                  {
                    "function": "minecraft:set_damage",
                    "damage": {
                      "type": "minecraft:uniform",
                      "min": 0.8,
                      "max": 1
                    },
                    "add": false
                  },
                  {
                    "function": "minecraft:enchant_randomly"
                  }
                ]
              },
              {
                "type": "minecraft:item",
                "weight": 6,
                "name": "minecraft:diamond_chestplate",
                "functions": [
                  {
                    "function": "minecraft:set_damage",
                    "damage": {
                      "type": "minecraft:uniform",
                      "min": 0.8,
                      "max": 1
                    },
                    "add": false
                  },
                  {
                    "function": "minecraft:enchant_randomly"
                  }
                ]
              },
              {
                "type": "minecraft:item",
                "weight": 6,
                "name": "minecraft:diamond_helmet",
                "functions": [
                  {
                    "function": "minecraft:set_damage",
                    "damage": {
                      "type": "minecraft:uniform",
                      "min": 0.8,
                      "max": 1
                    },
                    "add": false
                  },
                  {
                    "function": "minecraft:enchant_randomly"
                  }
                ]
              },
              {
                "type": "minecraft:item",
                "weight": 6,
                "name": "minecraft:diamond_leggings",
                "functions": [
                  {
                    "function": "minecraft:set_damage",
                    "damage": {
                      "type": "minecraft:uniform",
                      "min": 0.8,
                      "max": 1
                    },
                    "add": false
                  },
                  {
                    "function": "minecraft:enchant_randomly"
                  }
                ]
              },
              {
                "type": "minecraft:item",
                "weight": 6,
                "name": "minecraft:diamond_boots",
                "functions": [
                  {
                    "function": "minecraft:set_damage",
                    "damage": {
                      "type": "minecraft:uniform",
                      "min": 0.8,
                      "max": 1
                    },
                    "add": false
                  },
                  {
                    "function": "minecraft:enchant_randomly"
                  }
                ]
              },
              {
                "type": "minecraft:item",
                "weight": 6,
                "name": "minecraft:diamond_sword"
              },
              {
                "type": "minecraft:item",
                "weight": 5,
                "name": "minecraft:diamond_chestplate"
              },
              {
                "type": "minecraft:item",
                "weight": 5,
                "name": "minecraft:diamond_helmet"
              },
              {
                "type": "minecraft:item",
                "weight": 5,
                "name": "minecraft:diamond_boots"
              },
              {
                "type": "minecraft:item",
                "weight": 5,
                "name": "minecraft:diamond_leggings"
              },
              {
                "type": "minecraft:item",
                "weight": 5,
                "name": "minecraft:diamond",
                "functions": [
                  {
                    "function": "minecraft:set_count",
                    "count": {
                      "type": "minecraft:uniform",
                      "min": 2,
                      "max": 6
                    },
                    "add": false
                  }
                ]
              },
              {
                "type": "minecraft:item",
                "weight": 2,
                "name": "minecraft:enchanted_golden_apple",
                "functions": [
                  {
                    "function": "minecraft:set_count",
                    "count": 1,
                    "add": false
                  }
                ]
              }
            ]
          },
          {
            "rolls": {
              "type": "minecraft:uniform",
              "min": 3,
              "max": 4
            },
            "bonus_rolls": 0,
            "entries": [
              {
                "type": "minecraft:item",
                "name": "minecraft:spectral_arrow",
                "functions": [
                  {
                    "function": "minecraft:set_count",
                    "count": {
                      "type": "minecraft:uniform",
                      "min": 12,
                      "max": 25
                    },
                    "add": false
                  }
                ]
              },
              {
                "type": "minecraft:item",
                "name": "minecraft:gold_block",
                "functions": [
                  {
                    "function": "minecraft:set_count",
                    "count": {
                      "type": "minecraft:uniform",
                      "min": 2,
                      "max": 5
                    },
                    "add": false
                  }
                ]
              },
              {
                "type": "minecraft:item",
                "name": "minecraft:iron_block",
                "functions": [
                  {
                    "function": "minecraft:set_count",
                    "count": {
                      "type": "minecraft:uniform",
                      "min": 2,
                      "max": 5
                    },
                    "add": false
                  }
                ]
              },
              {
                "type": "minecraft:item",
                "name": "minecraft:gold_ingot",
                "functions": [
                  {
                    "function": "minecraft:set_count",
                    "count": {
                      "type": "minecraft:uniform",
                      "min": 3,
                      "max": 9
                    },
                    "add": false
                  }
                ]
              },
              {
                "type": "minecraft:item",
                "name": "minecraft:iron_ingot",
                "functions": [
                  {
                    "function": "minecraft:set_count",
                    "count": {
                      "type": "minecraft:uniform",
                      "min": 3,
                      "max": 9
                    },
                    "add": false
                  }
                ]
              },
              {
                "type": "minecraft:item",
                "name": "minecraft:crying_obsidian",
                "functions": [
                  {
                    "function": "minecraft:set_count",
                    "count": {
                      "type": "minecraft:uniform",
                      "min": 3,
                      "max": 5
                    },
                    "add": false
                  }
                ]
              },
              {
                "type": "minecraft:item",
                "name": "minecraft:quartz",
                "functions": [
                  {
                    "function": "minecraft:set_count",
                    "count": {
                      "type": "minecraft:uniform",
                      "min": 8,
                      "max": 23
                    },
                    "add": false
                  }
                ]
              },
              {
                "type": "minecraft:item",
                "name": "minecraft:gilded_blackstone",
                "functions": [
                  {
                    "function": "minecraft:set_count",
                    "count": {
                      "type": "minecraft:uniform",
                      "min": 5,
                      "max": 15
                    },
                    "add": false
                  }
                ]
              },
              {
                "type": "minecraft:item",
                "name": "minecraft:magma_cream",
                "functions": [
                  {
                    "function": "minecraft:set_count",
                    "count": {
                      "type": "minecraft:uniform",
                      "min": 3,
                      "max": 8
                    },
                    "add": false
                  }
                ]
              }
            ]
          },
          {
            "rolls": 1,
            "bonus_rolls": 0,
            "entries": [
              {
                "type": "minecraft:empty",
                "weight": 11
              },
              {
                "type": "minecraft:item",
                "name": "minecraft:snout_armor_trim_smithing_template"
              }
            ]
          },
          {
            "rolls": 1,
            "bonus_rolls": 0,
            "entries": [
              {
                "type": "minecraft:item",
                "name": "minecraft:netherite_upgrade_smithing_template"
              }
            ]
          }
    ]
  }
  