{
  "display": {
      "icon": {
          "id": "minecraft:red_bed"
      },
      "title": "Sleep                                                                                         ", 
      "description": [
        "",
        {
            "text": "Simple Multiplayer Sleep\n",
            "color": "white"
        },
        {
            "text": "\n",
            "color": "yellow"
        },
        {
            "text": "/trigger",
            "color": "yellow"
        },
        {
            "text": " help.sleep\n",
            "color": "yellow"
        },
        {
            "text": "for help\n",
            "color": "white"
        },
        {
            "text": "\n",
            "color": "green"
        },
        {
            "text": "Datapack version: ",
            "color": "dark_green"
        },
        {
            "text": "v.3.1.1",
            "color": "green"
        },
        {
            "text": "\n",
            "color": "green"
        },
        {
            "text": "Game version: ",
            "color": "dark_green"
        },
        {
            "text": "1.21",
            "color": "green"
        },
        {
            "text": "\n",
            "color": "green"
        },
        {
            "text": "\n",
            "color": "green"
        },
        {
            "text": "modrinth.com/datapack/sleep",
            "color": "dark_purple"
        }
    ],
      "frame": "task",
      "show_toast": false,
      "announce_to_chat": false
  },
  "parent": "jodek:utility",
  "criteria": {
      "tick": {
          "trigger": "minecraft:tick"
      }
  }
}