{
  "display": {
    "icon": {
      "id": "minecraft:bone",
      "components": {
        "minecraft:custom_model_data": 166654800001
      }
    },
    "title": {
      "translate": "rrc.generic.identifier.h-nigh.title",
      "fallback": "Horde Nights - By: RainyRealmCreations",
      "color": "#FF3636",
      "bold": true
    },
    "description": {
      "translate": "rrc.generic.identifier.h-nigh.description",
      "fallback": "Every so often, a Blood Moon will force you to challenge The Horde."
    },
    "frame": "task",
    "show_toast": false,
    "announce_to_chat": false,
    "hidden": false
  },
  "parent": "rrc:root",
  "criteria": {
    "instaget": {
      "trigger": "minecraft:enter_block",
      "conditions": {
        "block": "minecraft:air"
      }
    }
  }
}
