{
  "display": {
    "icon": {
      "id": "minecraft:dragon_breath",
      "components": {
        "minecraft:custom_model_data": 166654800001
      }
    },
    "title": {
      "translate": "rrc.generic.identifier.root.title",
      "fallback": "RRC Datapacks",
      "bold": true,
      "italic": true,
      "underlined": false,
      "strikethrough": false,
      "obfuscated": false,
      "clickEvent": {
        "action": "open_url",
        "value": "https://modrinth.com/organization/rainy-realm-creations"
      }
    },
    "description": {
      "translate": "rrc.generic.identifier.root.description",
      "fallback": "Datapacks made by RainyRealmCreations.",
      "bold": false,
      "italic": true,
      "underlined": false,
      "strikethrough": false,
      "obfuscated": false
    },
    "background": "rrc:textures/gui/advancements/backgrounds/rrc.png",
    "frame": "task",
    "show_toast": false,
    "announce_to_chat": false,
    "hidden": false
  },
  "criteria": {
    "rootcause": {
      "trigger": "minecraft:enter_block",
      "conditions": {
        "block": "minecraft:air"
      }
    }
  }
}
