{
    "pools": [
      {
        "rolls": 1,
        "entries": [
          {
            "type": "minecraft:item",
            "name": "minecraft:paper",
            "functions": [
              {
                "function": "minecraft:set_nbt",
                "tag": "{display:{Name:'{\"translate\":\"Output:1\"}'},SpellboundRandomizerItem:1,SpellboundRandomizerOutput:1}"
              }
            ]
          },
          {
            "type": "minecraft:item",
            "name": "minecraft:paper",
            "functions": [
              {
                "function": "minecraft:set_nbt",
                "tag": "{display:{Name:'{\"translate\":\"Output:2\"}'},SpellboundRandomizerItem:1,SpellboundRandomizerOutput:2}"
              }
            ]
          },
          {
            "type": "minecraft:item",
            "name": "minecraft:paper",
            "functions": [
              {
                "function": "minecraft:set_nbt",
                "tag": "{display:{Name:'{\"translate\":\"Output:3\"}'},SpellboundRandomizerItem:1,SpellboundRandomizerOutput:3}"
              }
            ]
          },
          {
            "type": "minecraft:item",
            "name": "minecraft:paper",
            "functions": [
              {
                "function": "minecraft:set_nbt",
                "tag": "{display:{Name:'{\"translate\":\"Output:4\"}'},SpellboundRandomizerItem:1,SpellboundRandomizerOutput:4}"
              }
            ]
          },
          {
            "type": "minecraft:item",
            "name": "minecraft:paper",
            "functions": [
              {
                "function": "minecraft:set_nbt",
                "tag": "{display:{Name:'{\"translate\":\"Output:5\"}'},SpellboundRandomizerItem:1,SpellboundRandomizerOutput:5}"
              }
            ]
          },
          {
            "type": "minecraft:item",
            "name": "minecraft:paper",
            "functions": [
              {
                "function": "minecraft:set_nbt",
                "tag": "{display:{Name:'{\"translate\":\"Output:6\"}'},SpellboundRandomizerItem:1,SpellboundRandomizerOutput:6}"
              }
            ]
          },
          {
            "type": "minecraft:item",
            "name": "minecraft:paper",
            "functions": [
              {
                "function": "minecraft:set_nbt",
                "tag": "{display:{Name:'{\"translate\":\"Output:7\"}'},SpellboundRandomizerItem:1,SpellboundRandomizerOutput:7}"
              }
            ]
          },
          {
            "type": "minecraft:item",
            "name": "minecraft:paper",
            "functions": [
              {
                "function": "minecraft:set_nbt",
                "tag": "{display:{Name:'{\"translate\":\"Output:8\"}'},SpellboundRandomizerItem:1,SpellboundRandomizerOutput:8}"
              }
            ]
          }
        ]
      }
    ]
  }
  